{"cameraMode":{"drawMode":0,"name":"Shaded","section":"Shading Mode"},"sceneLighting":true,"audioPlay":false,"sceneViewState":{"m_AlwaysRefresh":false,"showFog":true,"showSkybox":true,"showFlares":true,"showImageEffects":true,"showParticleSystems":true,"showVisualEffectGraphs":true,"m_FxEnabled":true},"in2DMode":false,"pivot":{"x":6.296940803527832,"y":2.9587879180908205,"z":1.5825214385986329},"rotation":{"x":-0.16676010191440583,"y":0.20453771948814393,"z":-0.035386670380830768,"w":-0.9639000296592712},"size":11.56473445892334,"orthographic":false}