{"cameraMode":{"drawMode":0,"name":"Shaded","section":"Shading Mode"},"sceneLighting":true,"audioPlay":false,"sceneViewState":{"showFog":true,"showMaterialUpdate":false,"showSkybox":true,"showFlares":true,"showImageEffects":true,"showParticleSystems":true},"in2DMode":false,"pivot":{"x":338.4234619140625,"y":8.849751472473145,"z":9.88082504272461},"rotation":{"x":-0.12219167500734329,"y":0.39786672592163088,"z":-0.05355549976229668,"w":-0.9077064394950867},"size":713.8706665039063,"orthographic":false}